pearson,spearman,auroc,rmse,mae
0.4694241475820625,0.4522913126054248,0.6737248337225092,1.9195729687943004,1.3062245223956381
